CUP,CIG
B11B21006470006,ZF834A42FA
B11B21006680006,Z723557411
B11B21006680006,Z84355F27F
B13D22000040006,Z4235350C6
B13D22000050006,ZDC353511A
B13D22000060006,Z3D3535068
B13D22000150001,Z2E3535144
B15F22000370006,ZF8350BEE9
B31B22000410006,Z86350BBA3
B31B22001070006,ZEB355D178
B32C22000110006,ZB435169D0
B33D22000360006,Z83350968D
B33D22000370006,9088315AC9
B33D22000380006,Z3B35095C6
B33D22000460006,90956743A2
B33D22000800006,Z10353DD3B
B51B22000230001,ZAA350D9EE
B51B22000300006,ZF8350BDEE
B62C21001660008,Z3E34EF0FB
B62C21001660008,Z9834DA64F
B62C21001660008,ZB134DA62F
B62C21001660008,ZD134DA5FC
B68H21000040001,Z0B3556EDB
B74E22000060006,Z9F3526BE6
B83D22000160001,ZC2350166C
B89J22001340006,9098308148
B91B22001130006,Z1534D92B0
C11B22000230006,Z3234E703F
C11B22000230006,ZA735115E9
C41B21008400001,9047909AB3
C41B21008400001,Z623554984
C41B21008400001,Z633540B22
C41B22000560001,90255084D1
C41B22000560001,90255485D3
C42C21002040006,Z2C3518FAC
C47H21008130001,90441447BA
C47H21008130001,ZD8355BDA4
C49J21046000001,9044245B12
C49J21046000001,Z383562691
C49J21046000001,Z553556468
C49J21046000001,ZD83451D6D
C51B22000770006,ZF3351C068
C52C22000050006,ZD9355134F
C53C22000040001,Z5B355807F
C61B22000410006,ZB534D1722
C61B22000760006,Z3E34A5C57
C61B22000760006,ZF934D1EAD
C88H22000010001,Z27355A381
C88H22000020001,Z1835593B2
D15F22000310001,Z1B3543C5C
D21B22000230006,ZD0351B7F4
D21B22000240006,ZAD351B65D
D25F22000090001,ZCC3537FC6
D38I22000050001,Z0B321934F
D45F22000310001,ZBC352E37D
D45F22000310001,ZCB352DEB5
D55E22000210006,Z2135637E6
D61B22000310006,Z1F35489EA
D61B22000310006,ZF835382CF
D64E22000060006,Z763538CDF
D91B22000290006,Z2C3517533
D95E22000030006,Z6135531B7
E13C22000050001,ZD2355F0F8
E14E22000570001,Z8D3547B71
E14E22000610006,Z2B35506BA
E31B21008120006,9052702E01
E31B21008130006,9052702E01
E32C21001070006,9052702E01
E32C21001080006,ZBC34AB244
E34E21050120006,9049804682
E34E21050130006,9049804682
E34E21050140006,9049804682
E55E22000040006,9115937530
E58I22000010006,9097266564
E59I22000030006,ZA7355D0CA
E59I22000030006,ZE3355D04B
E72C22000010001,Z0934EC548
E72C22000010001,Z1034DA4F3
E72C22000010001,Z7E34DA52F
E91B21012040006,9075284944
E91B21012040006,Z7334E899C
F15F22000180006,Z133527D12
F15F22000650006,ZCB3552DEE
F33D21005060006,Z2534A5986
F34E21007080006,Z6A34A5788
F34E21007090006,Z7E34A5900
F48H22000010006,Z923555383
F64E21006720006,Z7134E3B9D
F82B21000020004,Z6C33AF77D
G41B22000500006,Z1834DE5DB
G41B22001430006,Z43353C2C7
G51B22000260006,Z0034D5EF2
G51B22000260006,Z3734D5F10
G51B22000380006,Z9B352A6A1
G54E22000000006,Z14354B021
G54E22000000006,Z903547A4A
G54E22000000006,ZC33547859
G54E22000010001,ZAD3503CE2
G58I22000030006,Z3234FFC5B
G58I22000030006,ZD53506128
G71B22000750001,Z7B3555237
G71B22000750001,ZB1351D6D1
G75F22000020006,ZD634D6990
G75F22000020006,ZDB34D69EE
G89I22000040006,ZAC3563720
G91B22000850006,ZD43559F26
G91B22001780006,91090387F3
G93D22000430006,91094224D7
H21B21005340001,ZD734FB03B
H21B22000060006,Z5E34B97DA
H28I21004730001,Z033545E17
H43D21002970006,Z023493D8F
H44E21003250006,Z3034A4109
H49I22000010006,ZC1355FC13
H52C22000010001,ZDD35073FB
H53D22000000001,9072353688
H61B22000390006,ZF2350EF4C
H61B22000400006,ZF6350EF65
H68H22000000006,9113598AFA
H74E22000990001,Z6F3557247
H74E22000990001,ZEB354CDA5
H81B22000900006,Z40354C5CB
I11B22000540006,Z67354111D
I14E22000060001,Z3234EE5E7
I14E22000060001,ZC834ECE9A
I21B22000010006,ZE834C7079
I21B22000020006,ZF734C7193
I24E22000370006,Z9934C6ECA
I33C22000090006,Z953566BC1
I51B22000200006,Z333564498
I51B22000200006,ZB23563AB4
I51B22000200006,ZB53510904
I51B22000200006,ZCB35118C0
I68H21000030006,ZA83536662
I68H22000010006,ZD13538DDE
I75E22000010006,ZED355C834
I76F22000010006,Z303560ED7
I93C22000040006,Z8A355E277
I95E21000280006,ZBB356674A
J24E21000250001,8756553820
J24E21000250001,Z0931DB384
J31B21005560006,Z2935352DC
J31B21005560006,Z4235351C1
J31B21005560006,Z433534838
J31B21005560006,Z513534BFE
J31B21005560006,Z5B35350A6
J34E22001160006,Z423558877
J35F22000680001,Z7632E1FBB
J41B22002280006,91003072E8
J41B22002700006,ZF53537737
J45E22000020001,Z6B355BEA8
J45F22000020001,91023118A7
J51B22000630006,ZC63523E86
J61B22000740006,ZB2350A23D
J61B22001540001,Z213542868
J61B22001540001,Z523552EA7
J72C22000080006,Z2B350B6B8
J72C22000080006,Z7B350B2CA
J79I22000010006,Z3C3556C60
J84E22000170006,Z2635526B7
J84E22000170006,ZA635526E6
